{
	"objects": [
		{
			"type": "cube",
			"position": [ 400.0, 0.0, 0.0 ],
			"rotation": [ -179.999954, -19.999933, -179.999954 ],
			"scale": [ 1.0, 1.0, 3.0 ]
		},
		{
			"type": "cube",
			"position": [ 0.0, 0.0, 400.0 ],
			"rotation": [ -179.999954, -19.999933, -179.999954 ],
			"scale": [ 1.0, 1.0, 3.0 ]
		},
		{
			"type": "cube",
			"position": [ 0.0, 400.0, 0.0 ],
			"rotation": [ -179.999954, -19.999933, -179.999954 ],
			"scale": [ 3.0, 1.0, 1.0 ]
		},
		{
			"type": "sphere",
			"position": [ 100.0, 0.0, 100.0 ],
			"rotation": [ 0.0, 0.0, 0.0 ],
			"scale": [ 3.0, 1.0, 1.0 ]
		}
	]
}