{
	"objects": [
		{
			"type": "cube",
			"position": [ 0, 0, 400 ],
			"rotation": [ -179.99998474121094, -19.999959945678711, -179.99998474121094 ],
			"scale": [ 1, 3, 1 ]
		},
		{
			"type": "sphere",
			"position": [ 100, 0, 100 ],
			"rotation": [ 0, 0, 0 ],
			"scale": [ 3, 1, 1 ]
		}
	]
}